epoch,batch_step,example_num,eval_split,MSE,SSIM,CUSTOM
1,558,558,training set,76.49647651729174,0.7730126143501366,354.2109375
1,558,558,test set,81.57804524502717,0.7730589446880458,357.3659362792969
2,1116,1116,training set,71.48917320423061,0.8204557753955442,341.9645690917969
2,1116,1116,test set,69.27851935673971,0.8233613535143149,342.54974365234375
3,1674,1674,training set,64.87344837049022,0.8165460909731337,342.77520751953125
3,1674,1674,test set,65.379505311721,0.8216936005082971,341.56396484375
4,2232,2232,training set,66.18193838751176,0.7927027258192538,325.31494140625
4,2232,2232,test set,70.12370444758562,0.7888197411666624,330.8468017578125
5,2790,2790,training set,68.21568897226825,0.820768761907857,341.67572021484375
5,2790,2790,test set,67.36064108973369,0.8189947418468364,340.06396484375
6,3348,3348,training set,74.04968588694464,0.69864638885565,339.60638427734375
6,3348,3348,test set,76.11540210183011,0.6990273994274503,341.5562744140625
7,3906,3906,training set,66.47348453773884,0.8301420344687358,331.23876953125
7,3906,3906,test set,60.80094140098663,0.8298994501565176,316.69720458984375
8,4464,4464,training set,64.0805566466588,0.8510768595260743,314.23492431640625
8,4464,4464,test set,60.01397368789185,0.8498628315683163,315.22540283203125
9,5022,5022,training set,61.95783582259901,0.835794782389712,316.055908203125
9,5022,5022,test set,66.0935223728884,0.830807233154701,321.9836120605469
10,5580,5580,training set,59.925815447597415,0.8484186153764313,308.2914733886719
10,5580,5580,test set,60.274829213594785,0.8490037244773703,306.1048889160156
11,6138,6138,training set,61.112512216786854,0.8412433296907693,307.6251220703125
11,6138,6138,test set,62.81048541449127,0.8405770677272812,307.9013671875
12,6696,6696,training set,61.40131383424159,0.8412271404376952,303.5355224609375
12,6696,6696,test set,60.222815444518346,0.844377978835837,300.633056640625
13,7254,7254,training set,64.32215310214087,0.8330676420509917,310.508544921875
13,7254,7254,test set,65.4284739822906,0.8355142973141483,310.08154296875
14,7812,7812,training set,63.025761307391804,0.8129651950366679,309.59197998046875
14,7812,7812,test set,63.83633545570774,0.8127363358507864,316.99786376953125
15,8370,8370,training set,67.4568021671148,0.7978400538167989,322.94873046875
15,8370,8370,test set,62.38261351874098,0.7988939699534967,314.57574462890625
16,8928,8928,training set,67.50439515250036,0.7260264134988574,324.2981872558594
16,8928,8928,test set,66.46352083870443,0.7174370905936485,320.23687744140625
17,9486,9486,training set,63.200920768256765,0.8404930213182524,304.2515869140625
17,9486,9486,test set,63.19132273065043,0.8402884131792234,309.0382385253906
18,10044,10044,training set,62.071064462303184,0.8367495109050651,307.9361877441406
18,10044,10044,test set,62.2094302221376,0.8368592790066032,311.2189025878906
19,10602,10602,training set,84.83921944215399,0.8185441429741331,329.31201171875
19,10602,10602,test set,86.33290739432414,0.8187112793457345,328.57806396484375
20,11160,11160,training set,63.09356857766397,0.7400811292918661,308.2464599609375
20,11160,11160,test set,65.28719464020105,0.7374333853031203,311.6748046875
21,11718,11718,training set,57.87715789541835,0.8454278078424977,310.13226318359375
21,11718,11718,test set,64.5488983298419,0.8434066901681945,318.41253662109375
22,12276,12276,training set,57.9833710915409,0.8599284500232898,291.28411865234375
22,12276,12276,test set,57.98331204706483,0.8576720272103557,294.53094482421875
23,12834,12834,training set,59.294893538346514,0.8482793060647964,294.15008544921875
23,12834,12834,test set,60.06302017890266,0.8484282869249,296.0587463378906
24,13392,13392,training set,58.78951330278505,0.8615123217823566,300.95404052734375
24,13392,13392,test set,57.89088764949702,0.8606832515652059,297.6081848144531
25,13950,13950,training set,64.33014650014229,0.8410832491645124,302.8106689453125
25,13950,13950,test set,58.648763855409925,0.8444720173902169,296.8592529296875
26,14508,14508,training set,56.76041980669834,0.8487096072494751,303.44085693359375
26,14508,14508,test set,57.327193385048304,0.8479469210360548,299.125244140625
27,15066,15066,training set,61.978288800484734,0.8467251859619864,307.1299133300781
27,15066,15066,test set,58.45769617438782,0.8517844117013738,294.9324645996094
28,15624,15624,training set,58.28641696393606,0.8528624362879782,293.31072998046875
28,15624,15624,test set,58.221980939561035,0.8567595360000269,297.92120361328125
29,16182,16182,training set,57.13498743099626,0.8597916482394794,287.73333740234375
29,16182,16182,test set,56.650390420109034,0.8595536533393897,283.0985412597656
30,16740,16740,training set,62.55494708291371,0.857927351968101,290.6048583984375
30,16740,16740,test set,56.18403189648234,0.8637908464006614,293.25848388671875
31,17298,17298,training set,60.73081547941547,0.8695251844910672,287.6889343261719
31,17298,17298,test set,57.19474017576431,0.8700230098402244,282.3409729003906
32,17856,17856,training set,58.24055915244389,0.8482917912297125,294.0649719238281
32,17856,17856,test set,58.560467221657746,0.8460164591851935,296.93310546875
33,18414,18414,training set,56.94630826002685,0.8548553611908574,299.5447692871094
33,18414,18414,test set,58.19388844582136,0.857316866167821,297.85797119140625
34,18972,18972,training set,61.03595878280976,0.8534388370899251,289.70416259765625
34,18972,18972,test set,58.306533817754826,0.8565576277760556,286.3729248046875
35,19530,19530,training set,57.325869921223784,0.8519419364602072,289.8799133300781
35,19530,19530,test set,57.8176149984356,0.8489057634797064,292.30645751953125
36,20088,20088,training set,57.310057224327466,0.8560012016059773,290.3773193359375
36,20088,20088,test set,57.081644529040204,0.8593337961210636,286.767822265625
37,20646,20646,training set,59.02697623899439,0.8529080673142744,293.1808776855469
37,20646,20646,test set,58.46692238142714,0.8528812317745178,289.2408752441406
38,21204,21204,training set,56.26666586258216,0.8706720339578169,289.9417724609375
38,21204,21204,test set,51.424240689666476,0.8730917927023256,286.39202880859375
39,21762,21762,training set,61.00282885717024,0.8627931728988187,290.00433349609375
39,21762,21762,test set,57.21907955998904,0.8647606636513956,282.1800231933594
40,22320,22320,training set,54.40448868222302,0.8699902949447278,277.58453369140625
40,22320,22320,test set,52.35851237119641,0.8727472189857508,278.5292663574219
41,22878,22878,training set,59.237083146530495,0.8421661875909194,285.5741882324219
41,22878,22878,test set,59.553549643234874,0.8378173101482389,288.27716064453125
42,23436,23436,training set,59.42243508505635,0.8352399250143208,292.7189636230469
42,23436,23436,test set,62.203923749388196,0.830886711133644,297.2358703613281
43,23994,23994,training set,56.19180190161569,0.8587929516579607,292.2575988769531
43,23994,23994,test set,52.419426957087126,0.8646694643393857,292.9213562011719
44,24552,24552,training set,53.85463764704036,0.8567980183579493,283.6050109863281
44,24552,24552,test set,57.16506262507028,0.8574007857896504,279.636474609375
45,25110,25110,training set,59.195162466174224,0.8513397781352978,301.6293640136719
45,25110,25110,test set,59.47428122215206,0.8510362413799157,302.664306640625
46,25668,25668,training set,58.88008005201118,0.860918961938296,279.9277648925781
46,25668,25668,test set,56.9309942539694,0.8591075436852407,280.61761474609375
47,26226,26226,training set,56.710740821872605,0.8683174892357783,283.270751953125
47,26226,26226,test set,56.10471668766695,0.8636297249649942,289.768798828125
48,26784,26784,training set,55.51781559549272,0.8379897322301986,298.034912109375
48,26784,26784,test set,59.079338616575114,0.8390215495346638,301.59759521484375
49,27342,27342,training set,58.705803608871065,0.8635592362552416,294.6228942871094
49,27342,27342,test set,58.748643029946834,0.8629243263130775,295.2442626953125
50,27900,27900,training set,56.56458353804919,0.8754490558967518,275.2012023925781
50,27900,27900,test set,57.23005617829767,0.8729241962319065,277.7099304199219
51,28458,28458,training set,57.567235729598906,0.8488107023476914,272.9707336425781
51,28458,28458,test set,54.63677429256495,0.8501076375782759,267.6165771484375
52,29016,29016,training set,59.5754129740526,0.8525086921436014,284.57269287109375
52,29016,29016,test set,56.80970208818326,0.8547673822467914,276.7808837890625
53,29574,29574,training set,57.01675734310993,0.8544631347940594,297.35125732421875
53,29574,29574,test set,58.53439319625613,0.8522218908874493,294.5478515625
54,30132,30132,training set,54.676044377702055,0.8518510000631068,277.4555969238281
54,30132,30132,test set,57.49627148054424,0.8542449331926036,285.001220703125
55,30690,30690,training set,55.91923198528821,0.873981013406592,274.58831787109375
55,30690,30690,test set,50.5161936027871,0.8721534803416944,272.2638854980469
56,31248,31248,training set,55.184012796205934,0.8667800236871699,279.2047424316406
56,31248,31248,test set,54.83361169384443,0.8676163669224479,274.80389404296875
57,31806,31806,training set,57.696197593642864,0.86284893512493,290.3944396972656
57,31806,31806,test set,57.21436635093414,0.8614020072418498,289.567626953125
58,32364,32364,training set,57.9268413419195,0.8177823453843303,287.23028564453125
58,32364,32364,test set,61.49546887609176,0.8134063019133464,287.6380615234375
59,32922,32922,training set,55.04500765231205,0.8615078031543817,275.27227783203125
59,32922,32922,test set,53.55946125340415,0.8615601415476704,278.1116943359375
60,33480,33480,training set,57.67886512586847,0.8643247920201702,271.6298828125
60,33480,33480,test set,52.3254749745829,0.8654116298578174,272.5899353027344
61,34038,34038,training set,56.05028827505885,0.8716560539614875,269.6506042480469
61,34038,34038,test set,50.7885457216762,0.8757024517399259,263.4798278808594
62,34596,34596,training set,56.75034725572914,0.8516777108125098,276.45660400390625
62,34596,34596,test set,58.84969809604809,0.8519603248296335,275.142578125
63,35154,35154,training set,55.98356379609322,0.8479351171517919,291.92694091796875
63,35154,35154,test set,52.5154953149613,0.851408015270863,294.1148376464844
64,35712,35712,training set,59.21888281212887,0.8612411908106878,285.08929443359375
64,35712,35712,test set,56.621850311232265,0.861764745463006,277.80230712890625
65,36270,36270,training set,55.19386970668711,0.8761908861197298,266.64373779296875
65,36270,36270,test set,56.419479784730356,0.8725832779414304,269.5537414550781
66,36828,36828,training set,60.55558888163068,0.8400396732031368,289.0557556152344
66,36828,36828,test set,55.63469652843196,0.843488260936283,279.5419921875
67,37386,37386,training set,54.01835585187655,0.8653822524283896,276.66680908203125
67,37386,37386,test set,54.32757698290516,0.8652061138418503,281.3900451660156
68,37944,37944,training set,56.564139978028834,0.8717232639755821,267.8214416503906
68,37944,37944,test set,53.59254002216039,0.8744672159809852,272.0716552734375
69,38502,38502,training set,58.400961363106035,0.8425276571215363,313.6799621582031
69,38502,38502,test set,56.369115381967276,0.8442820500786183,309.20111083984375
70,39060,39060,training set,53.87046662950888,0.8696853918663692,270.58489990234375
70,39060,39060,test set,51.59576473975903,0.8689938337047352,269.1180419921875
71,39618,39618,training set,53.88430196288391,0.8774359563103644,277.33367919921875
71,39618,39618,test set,53.5354619196587,0.8774229772971012,268.58551025390625
72,40176,40176,training set,56.28624566824874,0.8669637501297984,278.8883056640625
72,40176,40176,test set,54.17691791985271,0.8682325012196088,277.9898376464844
73,40734,40734,training set,57.341852306504734,0.8218593350165975,299.1576843261719
73,40734,40734,test set,57.3684593642829,0.8204984326775957,302.9001770019531
74,41292,41292,training set,51.30935509072151,0.8717461842679768,273.48919677734375
74,41292,41292,test set,54.20765049487818,0.8697090458808816,272.3075866699219
75,41850,41850,training set,54.629194384324364,0.8621988558297744,281.6012268066406
75,41850,41850,test set,56.50405204924755,0.8637089073163224,269.35528564453125
76,42408,42408,training set,57.0637629700941,0.7810161478009832,284.8363952636719
76,42408,42408,test set,56.042949221649906,0.7790395749584604,276.8240966796875
77,42966,42966,training set,53.116921766340965,0.8615456009283662,265.5530090332031
77,42966,42966,test set,54.552476595912594,0.8625460486546217,271.4818115234375
78,43524,43524,training set,54.580627465911675,0.8710805345326662,272.95086669921875
78,43524,43524,test set,54.90209394850535,0.8677373208556673,280.7751159667969
79,44082,44082,training set,54.14204436051659,0.8558225700326147,278.5223388671875
79,44082,44082,test set,53.49745022790739,0.8540377079082191,275.38330078125
80,44640,44640,training set,54.062526439432986,0.8738427065400174,261.25042724609375
80,44640,44640,test set,57.400113633135334,0.8747516487801477,265.740234375
81,45198,45198,training set,57.17762728431262,0.857716645950859,278.0354309082031
81,45198,45198,test set,55.81275070545962,0.8554694397807907,280.51763916015625
82,45756,45756,training set,51.08088624521042,0.8807594565369072,256.0086975097656
82,45756,45756,test set,49.64603724563494,0.8794963563850615,261.17120361328125
83,46314,46314,training set,52.18790803788579,0.867691879717313,275.7888488769531
83,46314,46314,test set,54.0788006982184,0.865462498011766,270.40411376953125
84,46872,46872,training set,60.2708441708819,0.8738357461552368,270.5025634765625
84,46872,46872,test set,56.04974541370757,0.8764943236019462,270.0528869628906
85,47430,47430,training set,56.078322823974304,0.8744759446271928,271.1039733886719
85,47430,47430,test set,54.15614571503829,0.871775646165247,270.32867431640625
86,47988,47988,training set,51.530901447695214,0.8751167577065644,270.85357666015625
86,47988,47988,test set,53.35332622221904,0.8736700764566194,273.8308410644531
87,48546,48546,training set,51.71887273070752,0.8584397379299844,267.6828308105469
87,48546,48546,test set,54.62907600274775,0.8545409245439259,273.24774169921875
88,49104,49104,training set,52.95307226576551,0.8798008170415414,266.5940246582031
88,49104,49104,test set,52.34063652413897,0.8794506515114335,266.6427917480469
89,49662,49662,training set,53.79099128473899,0.8710693303582957,261.4796142578125
89,49662,49662,test set,55.105995902995346,0.8680283431845623,268.7034606933594
90,50220,50220,training set,56.71577967746998,0.8516405010086601,272.0003662109375
90,50220,50220,test set,56.95624355089967,0.8509680139177362,271.1124267578125
91,50778,50778,training set,50.493445901112864,0.874754266533273,262.67767333984375
91,50778,50778,test set,55.85340372333303,0.8712558623628865,268.5084228515625
92,51336,51336,training set,51.95056941615621,0.8793674116095644,262.74725341796875
92,51336,51336,test set,54.13738468592055,0.8830917117920762,260.01654052734375
93,51894,51894,training set,56.63573411863763,0.8504930280760163,280.3418884277344
93,51894,51894,test set,53.32944443784072,0.8490656599133217,274.44158935546875
94,52452,52452,training set,53.281815811875276,0.8763579219739768,261.87890625
94,52452,52452,test set,52.3906600822811,0.8784005118504865,257.7633056640625
95,53010,53010,training set,53.99215641794581,0.8565137598852743,268.6045837402344
95,53010,53010,test set,56.08849298709538,0.8530196859646821,275.397705078125
96,53568,53568,training set,54.47753091156483,0.8748785754505661,264.5420837402344
96,53568,53568,test set,50.39774109941209,0.879513818610576,263.53607177734375
97,54126,54126,training set,53.98054341840907,0.8752370974252699,267.491943359375
97,54126,54126,test set,52.16861950463499,0.8767643794344622,264.27960205078125
98,54684,54684,training set,53.46962357716984,0.8681592935336084,264.1651306152344
98,54684,54684,test set,52.67837688198779,0.8657665339997038,267.4322814941406
99,55242,55242,training set,56.01683612103807,0.8498143727192655,280.2301025390625
99,55242,55242,test set,54.07779616169864,0.8501818285003537,278.2503967285156
100,55800,55800,training set,55.723014506540494,0.8521897817327044,275.08978271484375
100,55800,55800,test set,57.71239275863627,0.8535041547002038,273.2718811035156
101,56358,56358,training set,57.66972954472294,0.8629288583179004,269.2276306152344
101,56358,56358,test set,55.870302333092695,0.8622824594931444,269.9316101074219
102,56916,56916,training set,52.88240616366966,0.8542651517000195,276.17999267578125
102,56916,56916,test set,57.04949025606038,0.8494579530524788,287.8236999511719
103,57474,57474,training set,53.67178629463888,0.8691569847520668,263.88836669921875
103,57474,57474,test set,54.15871593327029,0.8692529838590417,260.70556640625
104,58032,58032,training set,52.363001613062806,0.8702348306615022,263.88861083984375
104,58032,58032,test set,52.43624285722035,0.8682308868083055,265.7842712402344
105,58590,58590,training set,53.15598992128798,0.8639128140639514,268.080078125
105,58590,58590,test set,54.7674896979006,0.8603676658822224,276.39117431640625
106,59148,59148,training set,52.11873386573279,0.8836415256810142,260.27447509765625
106,59148,59148,test set,54.115479840518674,0.8809898448744207,259.94915771484375
107,59706,59706,training set,53.53257463191403,0.8738827553534065,267.30816650390625
107,59706,59706,test set,51.818644401821075,0.8752732646826189,274.3145751953125
108,60264,60264,training set,51.43630754195328,0.883009898578166,258.9046630859375
108,60264,60264,test set,53.74513626715634,0.8796125016160659,268.04248046875
109,60822,60822,training set,53.13635611207428,0.8804073810315458,269.7119445800781
109,60822,60822,test set,54.01139809994493,0.8779525213321904,267.625244140625
110,61380,61380,training set,52.28243920466048,0.8649949140781246,264.7599182128906
110,61380,61380,test set,53.18002308429277,0.8609705144181135,266.12994384765625
111,61938,61938,training set,54.9592924520839,0.8703251922561321,268.3428649902344
111,61938,61938,test set,58.709587580524385,0.8678641913866159,272.8927307128906
112,62496,62496,training set,50.97282828472089,0.8813077635932132,262.3110046386719
112,62496,62496,test set,49.27436307093012,0.8820709162537241,257.7071228027344
113,63054,63054,training set,60.97424308833433,0.8523079555598088,295.1535949707031
113,63054,63054,test set,58.83852278714767,0.8531569485057844,287.9181213378906
114,63612,63612,training set,50.11084708789713,0.8775519939081278,266.69219970703125
114,63612,63612,test set,55.713981066131964,0.8731869366019964,278.4231872558594
115,64170,64170,training set,53.45304288790794,0.872218251839513,265.63409423828125
115,64170,64170,test set,53.75700870962464,0.872498966549756,264.47247314453125
116,64728,64728,training set,58.08818154220353,0.8676858344770153,274.45770263671875
116,64728,64728,test set,56.080215078400215,0.8670808572060196,270.5315246582031
117,65286,65286,training set,53.83583566971356,0.8561114887925214,276.62945556640625
117,65286,65286,test set,55.1405340366764,0.8544407170120394,280.39715576171875
118,65844,65844,training set,55.13963631246588,0.8785799950564979,260.5392761230469
118,65844,65844,test set,53.98993218902615,0.8781539493211312,259.388427734375
119,66402,66402,training set,51.27177357531036,0.8596049932393726,258.10906982421875
119,66402,66402,test set,56.34676419000607,0.8572684599116656,267.0247497558594
120,66960,66960,training set,52.48268255771836,0.877810610429151,262.268310546875
120,66960,66960,test set,51.206422705959994,0.8796081562468316,264.962890625
121,67518,67518,training set,53.51857583850506,0.8660307487698446,267.7571716308594
121,67518,67518,test set,56.99615650821943,0.8653412067360478,267.0120849609375
122,68076,68076,training set,51.404694077471504,0.8777478501360747,265.8635559082031
122,68076,68076,test set,54.982968320080545,0.8752758748632914,268.4373779296875
123,68634,68634,training set,54.30356501752976,0.8554033919936046,272.5691833496094
123,68634,68634,test set,51.031224900245434,0.8565407042988227,269.4538269042969
124,69192,69192,training set,51.32930762981414,0.8833986779191036,261.8678894042969
124,69192,69192,test set,54.87187172585982,0.878335925052852,263.8373107910156
125,69750,69750,training set,55.37148614204489,0.8759781862027012,267.97430419921875
125,69750,69750,test set,52.5391639485606,0.8768500854203012,261.76898193359375
126,70308,70308,training set,53.747284080600366,0.8823906472825911,261.5418701171875
126,70308,70308,test set,52.21019662631443,0.8841530984573183,257.81719970703125
127,70866,70866,training set,54.56961888473597,0.8753034705441678,269.5898742675781
127,70866,70866,test set,52.27657766424818,0.8784649649751373,263.556640625
128,71424,71424,training set,50.3635667131166,0.8823208386893384,257.8663635253906
128,71424,71424,test set,56.08218715363182,0.8795756288309349,265.0836486816406
129,71982,71982,training set,56.25804794265423,0.8461540666103247,279.0417785644531
129,71982,71982,test set,53.67554568685591,0.8465127352319541,279.4577331542969
130,72540,72540,training set,47.905557432211936,0.8758852416322043,259.59051513671875
130,72540,72540,test set,51.97457822528668,0.8734142318462546,259.6870422363281
131,73098,73098,training set,56.44910015305504,0.8829815047065495,257.3778381347656
131,73098,73098,test set,55.36967293318594,0.8813142951330519,258.1481628417969
132,73656,73656,training set,52.40292005610536,0.85417849304622,258.4537658691406
132,73656,73656,test set,57.09316584531916,0.8508400219388932,272.03704833984375
133,74214,74214,training set,52.37217716497253,0.8643725251022261,268.69769287109375
133,74214,74214,test set,57.39467107746168,0.8633467541949358,271.06390380859375
134,74772,74772,training set,52.11696506279986,0.8745350141980452,256.0447082519531
134,74772,74772,test set,53.95518005016493,0.8737377769430168,263.74444580078125
135,75330,75330,training set,50.91043414537853,0.8733659222634742,261.4600830078125
135,75330,75330,test set,52.46652718546102,0.876042588497512,261.72393798828125
136,75888,75888,training set,53.71822437969968,0.8763806938368361,261.0983581542969
136,75888,75888,test set,55.94114798636292,0.8722088552858622,264.32867431640625
137,76446,76446,training set,50.526105975324754,0.8840364652423887,255.5343017578125
137,76446,76446,test set,52.056821598351235,0.8830470661778236,255.6021270751953
138,77004,77004,training set,55.06181585273589,0.8743908481046674,269.2545471191406
138,77004,77004,test set,56.61270134799997,0.8692980379346409,263.5993347167969
139,77562,77562,training set,53.775927957263775,0.884198241874401,256.5758056640625
139,77562,77562,test set,52.30168916413095,0.8832523439459692,254.94717407226562
140,78120,78120,training set,49.33145649063954,0.8827067435631761,259.5888366699219
140,78120,78120,test set,53.248561967600835,0.8802582010539481,259.8647155761719
141,78678,78678,training set,52.141896461631404,0.8758543889562134,261.4370422363281
141,78678,78678,test set,51.62981779896654,0.8786834442289546,260.7818603515625
142,79236,79236,training set,54.213958156411536,0.8828020691362326,259.93267822265625
142,79236,79236,test set,54.89973860126338,0.8803362713879324,258.5674743652344
143,79794,79794,training set,56.42702695063781,0.8570154894841835,272.1092834472656
143,79794,79794,test set,53.914816839882405,0.8592013806337491,267.4442138671875
144,80352,80352,training set,48.77528063944192,0.8730569006147562,260.89776611328125
144,80352,80352,test set,49.98531556437956,0.875881294690771,259.7257080078125
145,80910,80910,training set,51.27685978470254,0.8704187331254616,260.03778076171875
145,80910,80910,test set,50.79649047314888,0.8696095080813393,257.3330993652344
146,81468,81468,training set,52.95040994233568,0.8718615089371724,258.4881896972656
146,81468,81468,test set,52.588481757440604,0.8710224672383902,260.7652893066406
147,82026,82026,training set,49.46515747840749,0.8831703323521651,259.4271240234375
147,82026,82026,test set,51.67806193517754,0.8813806335674599,261.3011474609375
148,82584,82584,training set,50.07274343103927,0.8823655906235217,256.75897216796875
148,82584,82584,test set,52.20377294185164,0.8835898205943522,255.61685180664062
149,83142,83142,training set,52.167063524488185,0.8850613544182124,253.01260375976562
149,83142,83142,test set,50.15763278972008,0.8853132107597048,250.51992797851562
150,83700,83700,training set,61.50360124830331,0.8738248936424498,261.4294128417969
150,83700,83700,test set,58.35206516791368,0.8765069630462676,257.42144775390625
151,84258,84258,training set,55.87376608084014,0.8747466759887175,258.8404235839844
151,84258,84258,test set,56.21344096396933,0.8751979097069125,265.55120849609375
152,84816,84816,training set,52.890204156399705,0.8838694128135103,260.28765869140625
152,84816,84816,test set,51.68769229593454,0.8850548015907407,254.28602600097656
153,85374,85374,training set,49.637325997900916,0.8692394152167253,257.4920654296875
153,85374,85374,test set,49.970495004236,0.8689775885359268,262.0812683105469
154,85932,85932,training set,51.76112972685951,0.8666292656498626,258.4176330566406
154,85932,85932,test set,48.261014424977475,0.8668033343583375,260.2069091796875
155,86490,86490,training set,51.41619480994996,0.874024945369456,264.02374267578125
155,86490,86490,test set,54.11863653402543,0.872210317014833,260.65216064453125
156,87048,87048,training set,56.14030914689647,0.877123015212419,265.4053649902344
156,87048,87048,test set,54.28350937512005,0.8762329661403783,273.0178527832031
157,87606,87606,training set,51.19657523254864,0.8643136459868401,263.9880676269531
157,87606,87606,test set,53.798139079182874,0.8652846138829773,273.1387634277344
158,88164,88164,training set,52.25363231374649,0.8753638776397565,264.60125732421875
158,88164,88164,test set,55.106346100074006,0.8746334693569224,268.05126953125
159,88722,88722,training set,49.92536438663956,0.8804451493124361,257.68994140625
159,88722,88722,test set,51.31338284484809,0.8793885452323593,259.92254638671875
160,89280,89280,training set,53.53520689992001,0.8849882394861197,262.22216796875
160,89280,89280,test set,53.359610444284044,0.8861404880444752,259.7210388183594
161,89838,89838,training set,48.660963172471384,0.8663663963307044,261.5800476074219
161,89838,89838,test set,54.15002858720254,0.8602793994941749,268.00018310546875
162,90396,90396,training set,54.34314776316751,0.8796059543747106,266.1814270019531
162,90396,90396,test set,54.219004675134784,0.8783835826907307,266.7229919433594
163,90954,90954,training set,57.21900673554046,0.8485680973972194,277.2145690917969
163,90954,90954,test set,55.410253053414635,0.8511129621729197,275.9246520996094
164,91512,91512,training set,56.02717153201229,0.8810890977911185,257.6737976074219
164,91512,91512,test set,55.52266516329837,0.8811709825968137,263.68182373046875
165,92070,92070,training set,51.82510457446915,0.8766272425491479,254.41287231445312
165,92070,92070,test set,51.43024182456429,0.8737163821497234,255.33294677734375
166,92628,92628,training set,52.07019533473067,0.8713581780393724,256.57611083984375
166,92628,92628,test set,55.38725376345974,0.8655268458478531,266.89306640625
167,93186,93186,training set,51.02000402181875,0.881454275950091,254.8711395263672
167,93186,93186,test set,49.35503350198269,0.883284506664495,248.42251586914062
168,93744,93744,training set,54.202954384236364,0.8712412951281294,272.3623352050781
168,93744,93744,test set,56.17785142711364,0.8713566866354086,272.03143310546875
169,94302,94302,training set,53.72534358194389,0.8741186571278377,265.4731750488281
169,94302,94302,test set,55.04205076198559,0.8735564036833239,266.8636169433594
170,94860,94860,training set,52.55028838315047,0.8728052187689173,257.80047607421875
170,94860,94860,test set,53.32067179150181,0.8702305354272539,254.63681030273438
171,95418,95418,training set,54.00825526813787,0.8811311964236666,260.50311279296875
171,95418,95418,test set,51.1450678582587,0.8828847835684428,256.6461486816406
172,95976,95976,training set,51.29688812777749,0.8850516289312509,259.4249572753906
172,95976,95976,test set,54.7730170172581,0.8837940225639613,259.20635986328125
173,96534,96534,training set,58.566781810543034,0.8614155796760841,261.6565246582031
173,96534,96534,test set,55.94598391267937,0.8616980998442614,262.6501770019531
174,97092,97092,training set,53.57490105033503,0.8822267793802894,255.94296264648438
174,97092,97092,test set,57.11320752205211,0.8796738878227188,262.35516357421875
175,97650,97650,training set,54.753904668694304,0.8819818333695366,254.72584533691406
175,97650,97650,test set,50.39550076107116,0.8859058269758862,250.44775390625
176,98208,98208,training set,52.139832070999546,0.8754223801370244,249.13961791992188
176,98208,98208,test set,56.116801758354995,0.8763159869231458,252.82937622070312
177,98766,98766,training set,53.72957045030489,0.8771117265205248,255.17115783691406
177,98766,98766,test set,52.693575191748096,0.8748580906722054,257.2486572265625
178,99324,99324,training set,51.77568538294872,0.8824717926909216,260.779296875
178,99324,99324,test set,53.83412963110459,0.880564798368141,261.236572265625
179,99882,99882,training set,51.616331389406696,0.8650845231091466,257.1354064941406
179,99882,99882,test set,52.262084702786524,0.8680347182658465,261.5711975097656
180,100440,100440,training set,53.43812419066671,0.8783586476929486,258.24774169921875
180,100440,100440,test set,54.23701709497254,0.8778816790618293,260.4335632324219
181,100998,100998,training set,49.5648869657889,0.8663887819857337,265.17633056640625
181,100998,100998,test set,55.79890053195413,0.8652934798810747,274.92034912109375
182,101556,101556,training set,52.253125545335934,0.8854847116454039,254.82296752929688
182,101556,101556,test set,50.269553048419766,0.885490770022443,248.5933380126953
183,102114,102114,training set,52.06314529769588,0.8788354691278073,251.49827575683594
183,102114,102114,test set,51.363600216340274,0.8779167535540182,253.48684692382812
184,102672,102672,training set,54.75253173484816,0.8737039198185812,257.3353576660156
184,102672,102672,test set,52.2325992247861,0.8798180738485826,251.3900604248047
185,103230,103230,training set,49.89211726968642,0.8765359041208285,261.7501220703125
185,103230,103230,test set,52.11000228533521,0.8758425693958998,264.1895446777344
186,103788,103788,training set,61.01678172004176,0.8239616971368378,292.48956298828125
186,103788,103788,test set,58.74987403329578,0.8236166143760784,294.6400146484375
187,104346,104346,training set,50.644218944362365,0.8765676679795433,247.16647338867188
187,104346,104346,test set,54.11305398878176,0.8737033051984326,257.1320495605469
188,104904,104904,training set,50.73345644958317,0.8814608030588715,259.00927734375
188,104904,104904,test set,53.83374666632153,0.8834281212475616,257.4198913574219
189,105462,105462,training set,48.76765065849759,0.874632300248777,258.85113525390625
189,105462,105462,test set,51.944511189474724,0.8695310016355506,254.48394775390625
190,106020,106020,training set,54.23914400488138,0.8852933822927298,248.04083251953125
190,106020,106020,test set,51.968099755235016,0.8874233575379549,241.45042419433594
191,106578,106578,training set,53.0845209901745,0.8701699474149791,263.37872314453125
191,106578,106578,test set,50.02490710851271,0.8708951847329445,253.92196655273438
192,107136,107136,training set,50.8224946889095,0.8644740778472624,272.06591796875
192,107136,107136,test set,55.479280059749726,0.8602032241942652,270.5682678222656
193,107694,107694,training set,52.71960837978986,0.8851302529074019,250.65187072753906
193,107694,107694,test set,48.800079144974006,0.886294907068077,251.01412963867188
194,108252,108252,training set,56.47345375493751,0.8516039377927882,278.46649169921875
194,108252,108252,test set,50.97345424245577,0.8544792187567509,276.5826110839844
195,108810,108810,training set,52.81070934739546,0.8733736172016506,256.57354736328125
195,108810,108810,test set,53.91744215176732,0.8697603319542395,258.6807556152344
196,109368,109368,training set,50.13303899811581,0.8875734443718102,248.93910217285156
196,109368,109368,test set,49.737215162371285,0.8901765904156491,243.85104370117188
197,109926,109926,training set,53.12520870671142,0.8849649998010136,258.0598449707031
197,109926,109926,test set,49.88907769702928,0.8839957203163067,256.4584655761719
198,110484,110484,training set,47.92085226497147,0.8760495358728804,256.2745361328125
198,110484,110484,test set,50.157426976104034,0.8795243249551277,261.08941650390625
199,111042,111042,training set,51.07165864363196,0.881233961878479,249.26348876953125
199,111042,111042,test set,52.03235564052011,0.8804300461926005,248.20205688476562
200,111600,111600,training set,52.028989213577006,0.8761210203374503,253.73521423339844
200,111600,111600,test set,52.24553931312403,0.8759511687385384,258.2303161621094
201,112158,112158,training set,48.34910222119652,0.8777686182875186,254.743896484375
201,112158,112158,test set,53.34016737365164,0.8726871364851831,253.97891235351562
202,112716,112716,training set,46.67003681638744,0.881222048716154,263.790283203125
202,112716,112716,test set,53.14476346265292,0.8775512329593766,264.9418640136719
203,113274,113274,training set,53.62384182534879,0.8365648591886838,250.3983154296875
203,113274,113274,test set,50.623599264770746,0.8451506267265358,256.1368713378906
204,113832,113832,training set,51.24470339590334,0.876806728891097,261.8972473144531
204,113832,113832,test set,51.355959546373924,0.8783083381713368,256.51678466796875
205,114390,114390,training set,51.695847032242455,0.8750561492634006,264.9820251464844
205,114390,114390,test set,54.71719643572578,0.8766697980609024,268.3845520019531
206,114948,114948,training set,50.43450842471793,0.8684287680262059,261.0697021484375
206,114948,114948,test set,53.33500642265426,0.8691520440734166,273.8015441894531
207,115506,115506,training set,50.04549109979416,0.8750210895377677,262.1228942871094
207,115506,115506,test set,51.52872998354724,0.8740271994029172,261.2050476074219
208,116064,116064,training set,50.28807617421262,0.882686947217735,249.71046447753906
208,116064,116064,test set,50.96824515599292,0.881429878041672,250.9073486328125
209,116622,116622,training set,50.80997121386463,0.8588418153267412,253.8968505859375
209,116622,116622,test set,47.37445286940783,0.8630077716861706,247.8429718017578
210,117180,117180,training set,53.16937315359246,0.8871123765129596,250.12716674804688
210,117180,117180,test set,52.189839947153814,0.8865068467275705,244.44827270507812
211,117738,117738,training set,51.84882380615454,0.8821919309993973,250.516845703125
211,117738,117738,test set,53.01006350616808,0.8795474632206606,263.2698974609375
212,118296,118296,training set,52.90651222434826,0.8408067810305511,284.5402526855469
212,118296,118296,test set,56.66653712786501,0.8341762721902342,286.54888916015625
213,118854,118854,training set,54.771532107377425,0.8807039391249418,257.5059509277344
213,118854,118854,test set,55.44731066940585,0.8797260073188227,260.864990234375
214,119412,119412,training set,52.653968896891456,0.874676600548753,246.83958435058594
214,119412,119412,test set,52.94310528726783,0.875280342734186,250.28268432617188
215,119970,119970,training set,52.693085958162555,0.8831301281024935,249.59873962402344
215,119970,119970,test set,48.73580441522063,0.8843226786702871,252.63287353515625
216,120528,120528,training set,51.19943486074044,0.8864007087759092,253.20928955078125
216,120528,120528,test set,53.507341765245656,0.8861602666092949,256.48175048828125
217,121086,121086,training set,55.716879857936874,0.8863515256525716,250.06398010253906
217,121086,121086,test set,53.224338136817096,0.8860353229028988,247.97784423828125
218,121644,121644,training set,54.11249741236679,0.8786749015671376,255.2181396484375
218,121644,121644,test set,52.743926005845424,0.8763101989788993,254.5771942138672
219,122202,122202,training set,49.824436118942685,0.8814747207870823,252.14349365234375
219,122202,122202,test set,51.97866660085856,0.877527887969336,253.39175415039062
220,122760,122760,training set,47.93671525118407,0.8743263388314517,262.3858642578125
220,122760,122760,test set,53.72915933621698,0.8681585234517115,265.4122314453125
221,123318,123318,training set,54.18655153620057,0.8877652822557138,248.5284423828125
221,123318,123318,test set,52.4310743919923,0.8892461506766267,249.93060302734375
222,123876,123876,training set,52.5602436029003,0.8362266800158977,254.95042419433594
222,123876,123876,test set,47.75107811766793,0.8340500344866086,250.02301025390625
223,124434,124434,training set,57.27166782737186,0.8685822699626442,274.55645751953125
223,124434,124434,test set,55.00724944721151,0.86829053418478,264.41961669921875
224,124992,124992,training set,53.79569713847013,0.8776432609156473,259.8238525390625
224,124992,124992,test set,50.87170962546952,0.8798016039418144,253.64068603515625
225,125550,125550,training set,53.829495681566186,0.8877635249591549,251.2698211669922
225,125550,125550,test set,52.25639478784433,0.8854895188705996,250.10208129882812
226,126108,126108,training set,50.01690598684945,0.8850420825019683,259.765869140625
226,126108,126108,test set,51.428696251969086,0.8853638709824736,252.91209411621094
227,126666,126666,training set,50.689276476739906,0.8670202034481918,267.1632080078125
227,126666,126666,test set,54.05417565105017,0.8667078789294465,270.5281677246094
228,127224,127224,training set,52.555633498413954,0.8802910590602551,251.6784210205078
228,127224,127224,test set,52.938726049644174,0.877972525304358,257.46875
229,127782,127782,training set,50.69306200306164,0.8854004999229801,248.4818572998047
229,127782,127782,test set,49.6256774731155,0.8877467086058459,250.8209686279297
230,128340,128340,training set,49.00828084885143,0.8727433069580002,263.4632873535156
230,128340,128340,test set,51.42480286129285,0.8694664658687543,262.6231384277344
231,128898,128898,training set,53.51552068642923,0.8805592021526536,253.0681915283203
231,128898,128898,test set,59.5061123384512,0.8808177294413326,258.80712890625
232,129456,129456,training set,48.044740617857315,0.8783089474200096,253.62619018554688
232,129456,129456,test set,50.381326898233965,0.8769751794134208,255.95013427734375
233,130014,130014,training set,52.47087033861317,0.8796930923126638,258.0338439941406
233,130014,130014,test set,50.30719303411752,0.8791665922180982,255.6593475341797
234,130572,130572,training set,50.469208340146,0.8630253582240357,254.81881713867188
234,130572,130572,test set,55.358027070280514,0.8613739749525848,258.92694091796875
235,131130,131130,training set,52.15296357660554,0.887237932143762,243.58969116210938
235,131130,131130,test set,50.72975498170126,0.8889948674295738,241.23817443847656
236,131688,131688,training set,54.934541180788074,0.8772865014070703,249.54824829101562
236,131688,131688,test set,55.74333184707211,0.8797239534633263,245.061279296875
237,132246,132246,training set,51.5814262094209,0.8697700770426309,257.3438415527344
237,132246,132246,test set,53.36766551132314,0.8722888413758483,255.89337158203125
238,132804,132804,training set,52.420802639680915,0.8778867115397588,249.78195190429688
238,132804,132804,test set,48.67515479552094,0.8782817584142322,252.93983459472656
239,133362,133362,training set,50.51192247297149,0.8912895743560512,249.20346069335938
239,133362,133362,test set,51.578030558303,0.8916664138887427,245.48367309570312
240,133920,133920,training set,54.93125503661577,0.8838565793557791,255.90667724609375
240,133920,133920,test set,48.82035767677007,0.8857671470177593,253.3099365234375
241,134478,134478,training set,56.686738946533296,0.8772236241275095,256.0033874511719
241,134478,134478,test set,53.197342255560216,0.8794987432193011,248.30123901367188
242,135036,135036,training set,54.43024262856488,0.8875590203751926,247.78634643554688
242,135036,135036,test set,55.34793257105048,0.8861430816214124,252.74594116210938
243,135594,135594,training set,49.20008126297034,0.8854443377204007,249.74024963378906
243,135594,135594,test set,48.04338266971172,0.8826396708464017,248.95632934570312
244,136152,136152,training set,47.193811747885775,0.8867997641318652,246.456787109375
244,136152,136152,test set,50.985640493017854,0.8839107725543727,249.7792510986328
245,136710,136710,training set,50.566911908914335,0.8446077772207445,260.2445983886719
245,136710,136710,test set,50.833434545609634,0.8405103718469036,255.65740966796875
246,137268,137268,training set,53.51389975671191,0.8389713708338604,277.9962158203125
246,137268,137268,test set,51.437685124750715,0.8345085648888926,269.2413330078125
247,137826,137826,training set,48.21192020028684,0.8851693468532176,247.67906188964844
247,137826,137826,test set,51.8124383953982,0.8843436635288526,252.10809326171875
248,138384,138384,training set,54.76900544628734,0.8711987870192388,247.208251953125
248,138384,138384,test set,51.31836233922513,0.8715566615866557,251.14584350585938
249,138942,138942,training set,51.698683119611815,0.8826737814088119,256.7861633300781
249,138942,138942,test set,45.30640708631836,0.8849417529854691,250.7604522705078
250,139500,139500,training set,52.212001139239874,0.8751050309547281,251.99514770507812
250,139500,139500,test set,49.34363039280288,0.8774584484926891,250.35775756835938
251,140058,140058,training set,53.05877854558639,0.8837578148959437,258.11102294921875
251,140058,140058,test set,51.02259200817207,0.8869643042853568,251.29946899414062
252,140616,140616,training set,52.63237517653033,0.8757854439536459,259.7529296875
252,140616,140616,test set,52.14363200869411,0.8756750152169843,258.7539978027344
253,141174,141174,training set,49.65449461940443,0.8768830089466064,255.9382781982422
253,141174,141174,test set,51.47000284813112,0.8764771501773794,259.762939453125
254,141732,141732,training set,48.530544694978744,0.8802640343292296,248.397705078125
254,141732,141732,test set,48.622042485309066,0.8791000664132298,242.73568725585938
255,142290,142290,training set,50.32736217023921,0.885945832276775,249.63681030273438
255,142290,142290,test set,51.385414254735224,0.8869060404686024,246.2230987548828
256,142848,142848,training set,56.497508406144334,0.8792541971342871,254.99383544921875
256,142848,142848,test set,56.39295546527137,0.8765251075674314,258.1448974609375
257,143406,143406,training set,50.864859438617714,0.8855518469426897,253.0568389892578
257,143406,143406,test set,50.209210833592806,0.8860883602319518,254.18544006347656
258,143964,143964,training set,49.75021854942315,0.8846710754587548,256.9396057128906
258,143964,143964,test set,54.56662930821767,0.8831150332844118,258.93621826171875
259,144522,144522,training set,53.78932757419534,0.8808486876951065,250.5137481689453
259,144522,144522,test set,54.17924986270373,0.8789773867283657,250.237548828125
260,145080,145080,training set,48.25933854514733,0.8799928639782593,256.4251708984375
260,145080,145080,test set,52.500139227864565,0.8762902241724078,263.265625
261,145638,145638,training set,52.39071564003825,0.8838371962556266,256.2358093261719
261,145638,145638,test set,54.843513712403364,0.8838704470917946,253.23460388183594
262,146196,146196,training set,49.15760080868495,0.881032806901203,251.0526123046875
262,146196,146196,test set,50.539484010543674,0.8825920413073618,255.77325439453125
263,146754,146754,training set,49.13762318447698,0.8902676833386067,249.01730346679688
263,146754,146754,test set,48.628442194429226,0.8890013689087937,252.3045654296875
264,147312,147312,training set,46.977013222669484,0.8876403634276357,246.7550506591797
264,147312,147312,test set,48.14860486757243,0.8880623204458971,248.3994598388672
265,147870,147870,training set,51.01093400630634,0.8649866101823136,257.6950378417969
265,147870,147870,test set,51.09396945137996,0.865794521666885,252.5168914794922
266,148428,148428,training set,49.34001512892428,0.8857301021707826,252.89773559570312
266,148428,148428,test set,50.6520844315819,0.8849481683937483,252.778564453125
267,148986,148986,training set,49.97892314416822,0.8775810978695517,254.63502502441406
267,148986,148986,test set,51.520770385381184,0.8740742773507009,246.0359344482422
268,149544,149544,training set,53.87142741098069,0.8518081261136103,271.43585205078125
268,149544,149544,test set,54.587977161310846,0.8547747714765137,273.8905944824219
269,150102,150102,training set,51.8571822073427,0.8883747307118028,243.95199584960938
269,150102,150102,test set,52.9274293014314,0.8866141178150428,250.53402709960938
270,150660,150660,training set,51.88868219498545,0.8833353838708717,251.34036254882812
270,150660,150660,test set,51.14955410725088,0.8832926940085599,249.53289794921875
271,151218,151218,training set,49.894465223362204,0.8750789952027844,252.03758239746094
271,151218,151218,test set,52.512837185990065,0.8743929381453199,261.13238525390625
272,151776,151776,training set,52.97858209369588,0.8685850739420857,251.3543243408203
272,151776,151776,test set,51.58494537835941,0.8738931138941552,250.6577606201172
273,152334,152334,training set,54.37880007867352,0.8873338308258099,248.6201171875
273,152334,152334,test set,54.44859276304487,0.8867511586868204,248.38436889648438
274,152892,152892,training set,50.34029674073099,0.880144580733031,249.2137451171875
274,152892,152892,test set,53.099457245203666,0.8775483157623967,254.8607177734375
275,153450,153450,training set,52.00757245024579,0.8869264883105643,247.5250244140625
275,153450,153450,test set,49.28097424595035,0.8899688018323104,243.37652587890625
276,154008,154008,training set,49.79184090020135,0.8815674329816829,253.62850952148438
276,154008,154008,test set,52.86284003785113,0.8800074101891369,252.76341247558594
277,154566,154566,training set,51.76338409242453,0.8725876471144147,256.3013000488281
277,154566,154566,test set,50.29018776162411,0.87203736918309,255.96035766601562
278,155124,155124,training set,51.91338427399751,0.8849008765960207,242.46188354492188
278,155124,155124,test set,50.764625776704634,0.8879063931744895,247.81822204589844
279,155682,155682,training set,54.960381385695655,0.8567058040534903,272.75897216796875
279,155682,155682,test set,55.75710250844713,0.8541360963208717,277.6313781738281
280,156240,156240,training set,50.40587368211709,0.8797266822075471,246.68711853027344
280,156240,156240,test set,51.497348624514416,0.8741383236338152,250.86160278320312
281,156798,156798,training set,52.993784435268026,0.8765689336432843,263.7691650390625
281,156798,156798,test set,53.2954776280385,0.8753991225421487,258.78204345703125
282,157356,157356,training set,48.34044434854877,0.887997939120396,249.4784393310547
282,157356,157356,test set,49.13375080555852,0.8868731926122564,250.55731201171875
283,157914,157914,training set,50.96936303505208,0.8858515320462175,253.33262634277344
283,157914,157914,test set,51.48785810050322,0.8873213009210303,259.3253479003906
284,158472,158472,training set,48.85753302380908,0.8667506706624408,261.89825439453125
284,158472,158472,test set,52.116965148365125,0.8620855957233289,270.07470703125
285,159030,159030,training set,48.62186604749877,0.8800930523721036,248.59031677246094
285,159030,159030,test set,47.45357521438564,0.8782335058203898,249.96853637695312
286,159588,159588,training set,51.0120507585234,0.8848554666546988,249.7772979736328
286,159588,159588,test set,51.922083417652175,0.8847229053499177,256.2907409667969
287,160146,160146,training set,52.54813834500965,0.884222253356711,252.7327423095703
287,160146,160146,test set,49.73931191378506,0.8857645499956561,250.91920471191406
288,160704,160704,training set,49.77477221749723,0.8658578627291718,249.39527893066406
288,160704,160704,test set,50.20938281004783,0.8633153716828019,247.7117919921875
289,161262,161262,training set,50.80857439455576,0.8844907132261142,236.86126708984375
289,161262,161262,test set,51.0580472300644,0.8874253041867632,243.46458435058594
290,161820,161820,training set,50.300413327640854,0.8721193005658279,253.96478271484375
290,161820,161820,test set,51.572972581896465,0.8736452514131088,254.7054443359375
291,162378,162378,training set,51.423632794292644,0.8841601113090292,254.39479064941406
291,162378,162378,test set,48.97735622251639,0.887457697710488,246.35926818847656
292,162936,162936,training set,49.760279104302754,0.8792771312073455,256.9630126953125
292,162936,162936,test set,50.84080911037745,0.8796102177220746,256.8395080566406
293,163494,163494,training set,54.21818313430413,0.8620238560979487,260.1235656738281
293,163494,163494,test set,53.27385082641558,0.8589255569968373,265.89361572265625
294,164052,164052,training set,52.036521317233564,0.8690361625194782,257.7654113769531
294,164052,164052,test set,52.74706970952684,0.8700515665223065,259.6492614746094
295,164610,164610,training set,54.566220176639035,0.8812103496948112,246.21197509765625
295,164610,164610,test set,52.23341087892186,0.8786599039558496,251.23843383789062
296,165168,165168,training set,54.75213216861812,0.8781864271149971,257.36126708984375
296,165168,165168,test set,48.63946276489878,0.8802413805751712,255.76356506347656
297,165726,165726,training set,47.76547848037444,0.8883835263259243,250.77928161621094
297,165726,165726,test set,52.7359771332267,0.886473813734483,250.6796875
298,166284,166284,training set,48.17242990422528,0.8832587882207008,247.48529052734375
298,166284,166284,test set,53.422185940093186,0.8816898650984513,247.5252685546875
299,166842,166842,training set,49.09262003644835,0.8878155589918606,253.78790283203125
299,166842,166842,test set,48.41278006602079,0.8870275665976806,243.04241943359375
300,167400,167400,training set,49.852840417821426,0.8800426969587534,248.51502990722656
300,167400,167400,test set,51.60946331638843,0.8810029202431906,250.02989196777344
